,,,,,,,
,,,,,,,
Commune De Luxembourg ,Valeur m2 ,,,,,,
,2025,2026,2027,,,,
Luxembourg-Ville," 9,800.00 € ",,,,,Élément,Pondération
Bertrange," 9,200.00 € ",,,,,Habitable (100%),1
Strassen," 9,400.00 € ",,,,,Balcon/Loggia (30%),0.3
Hesperange," 8,800.00 € ",,,,,Terrasse (35%),0.35
Walferdange," 8,900.00 € ",,,,,Jardin privatif (15%),0.15
Steinsel," 8,700.00 € ",,,,,Jardin copropriété (8%),0.08
Mamer," 8,600.00 € ",,,,,>1990,-38%
Niederanven," 8,600.00 € ",,,,,<1990,-19%
Contern," 8,200.00 € ",,,,,Cave (6%),0.6
Sandweiler," 8,200.00 € ",,,,,,
Schuttrange," 8,300.00 € ",,,,,,
Weiler-la-Tour," 8,200.00 € ",,,,,Élément,Forfait_euros
Kopstal," 8,500.00 € ",,,,,Garage box (€/unité),27500
Käerjeng (Bascharage+Clemency)," 7,700.00 € ",,,,,Parking intérieur (€/unité),16500
Dippach," 7,800.00 € ",,,,,Parking extérieur (€/unité),7500
Garnich," 7,700.00 € ",,,,,,
Habscht (Hobscheid+Septfontaines)," 7,400.00 € ",,,,,,
Koerich," 7,600.00 € ",,,,,MODE D'EMPLOI (Estimation Luxembourg),
Kehlen," 7,800.00 € ",,,,,,
Steinfort," 7,300.00 € ",,,,,1) Onglet 'Communes' : prix indicatifs au m² par commune. Modifiables.,
Esch-sur-Alzette," 6,800.00 € ",,,,,"2) Onglet 'Pondérations' : coefficients de valorisation des surfaces (balcon, terrasse, jardin, cave). Ajustez selon le marché local.",
Differdange," 6,400.00 € ",,,,,3) Onglet 'Barèmes_forfaits' : forfaits pour garage/parkings. Ajustez si nécessaire (ex: Luxembourg-Ville vs Nord).,
Dudelange," 7,000.00 € ",,,,,4) Onglet 'Estimation' :,
Bettembourg," 6,900.00 € ",,,,,   - Choisissez le Type et la Commune (listes déroulantes).,
Schifflange," 6,700.00 € ",,,,,   - Saisissez les surfaces (m²) et les unités (garage/parkings).,
Sanem," 6,500.00 € ",,,,,"   - Les colonnes Surface pondérée, Valeur bâtie, Forfaits et Valeur totale se calculent automatiquement.",
Kayl," 6,500.00 € ",,,,,"   - Utilisez les coefficients N..Q pour appliquer des ajustements (vétusté, énergie, quartier, autres) en pourcentage (ex: -0,10 pour -10%).",
Rumelange," 6,300.00 € ",,,,,,
Mondercange," 6,600.00 € ",,,,,Exemple rapide :,
Remich," 7,600.00 € ",,,,,"   - Commune: Strassen, Prix m² auto: ~9400",
Mondorf-les-Bains," 8,200.00 € ",,,,,"   - Habitable: 225, Terrasse: 20, Jardin privatif: 150, Garage box: 2",
Schengen," 7,200.00 € ",,,,,"   - Coefs: énergie +0,05 ; vétusté -0,10",
Lenningen," 7,000.00 € ",,,,,   => Valeur totale ~ résultat colonne U.,
Wormeldange," 7,200.00 € ",,,,,,
Stadtbredimus," 7,300.00 € ",,,,,,
Bous," 7,100.00 € ",,,,,,
Grevenmacher," 7,100.00 € ",,,,,,
Mertert," 7,000.00 € ",,,,,,
Betzdorf," 7,300.00 € ",,,,,,
Flaxweiler," 6,900.00 € ",,,,,,
Manternach," 6,900.00 € ",,,,,,
Junglinster," 7,200.00 € ",,,,,,
Echternach," 6,800.00 € ",,,,,,
Beaufort," 6,300.00 € ",,,,,,
Berdorf," 6,400.00 € ",,,,,,
Consdorf," 6,400.00 € ",,,,,,
Rosport-Mompach," 6,200.00 € ",,,,,,
Mersch," 7,000.00 € ",,,,,,
Bissen," 6,600.00 € ",,,,,,
Colmar-Berg," 6,900.00 € ",,,,,,
Fischbach," 6,400.00 € ",,,,,,
Heffingen," 6,400.00 € ",,,,,,
Larochette," 6,500.00 € ",,,,,,
Lintgen," 6,700.00 € ",,,,,,
Lorentzweiler," 6,900.00 € ",,,,,,
Nommern," 6,200.00 € ",,,,,,
Helperknapp (Boevange/Tuntange)," 6,500.00 € ",,,,,,
Diekirch," 5,900.00 € ",,,,,,
Ettelbruck," 6,000.00 € ",,,,,,
Erpeldange-sur-Sûre," 5,600.00 € ",,,,,,
Bettendorf," 5,400.00 € ",,,,,,
Feulen," 5,400.00 € ",,,,,,
Mertzig," 5,600.00 € ",,,,,,
Reisdorf," 5,300.00 € ",,,,,,
Schieren," 5,600.00 € ",,,,,,
Vianden," 5,200.00 € ",,,,,,
Putscheid," 5,000.00 € ",,,,,,
Tandel," 5,200.00 € ",,,,,,
Clervaux," 5,000.00 € ",,,,,,
Troisvierges," 4,900.00 € ",,,,,,
Weiswampach," 5,100.00 € ",,,,,,
Wincrange," 4,800.00 € ",,,,,,
Parc Hosingen," 4,900.00 € ",,,,,,
Kiischpelt," 4,800.00 € ",,,,,,
Goesdorf," 4,900.00 € ",,,,,,
Wiltz," 5,200.00 € ",,,,,,
Esch-sur-Sûre," 5,100.00 € ",,,,,,
Boulaide," 4,800.00 € ",,,,,,
Lac de la Haute-Sûre," 5,000.00 € ",,,,,,
Grosbous-Wahl," 5,200.00 € ",,,,,,
Redange-sur-Attert," 5,500.00 € ",,,,,,
Beckerich," 5,600.00 € ",,,,,,
Ell," 5,400.00 € ",,,,,,
Préizerdaul," 5,300.00 € ",,,,,,
Rambrouch," 5,200.00 € ",,,,,,
Saeul," 5,300.00 € ",,,,,,
Useldange," 5,400.00 € ",,,,,,
Vichten," 5,300.00 € ",,,,,,
Wahl," 5,200.00 € ",,,,,,
